"id","street","suburb","latitude","longitude","venue","venue_lattitude","venue_longtitude","category"
1,"Anderson Rd","Albion",-37.7852,144.8272,"Cố Đô Vietnamese Restaurant",-37.78563893,144.8318906,"Vietnamese Restaurant"
2,"Anderson Rd","Albion",-37.7852,144.8272,"Diamond Palace",-37.78590278,144.8318903,"Chinese Restaurant"
3,"Anderson Rd","Albion",-37.7852,144.8272,"Pho Hien Saigon",-37.78465036,144.832178,"Vietnamese Restaurant"
4,"Anderson Rd","Albion",-37.7852,144.8272,"Fresh Chilli Deli",-37.78354473,144.8323132,"Bakery"
5,"Anderson Rd","Albion",-37.7852,144.8272,"Afghan Master Kebab",-37.78486524,144.8326777,"Afghan Restaurant"
6,"Anderson Rd","Albion",-37.7852,144.8272,"Thuan An Restaurant",-37.78436958,144.8321372,"Vietnamese Restaurant"
7,"Anderson Rd","Albion",-37.7852,144.8272,"The Granary Cafe",-37.78492,144.83114,"Café"
8,"Anderson Rd","Albion",-37.7852,144.8272,"Village Cinemas (Gold Class)",-37.78211489,144.8311677,"Movie Theater"
9,"Anderson Rd","Albion",-37.7852,144.8272,"Foodworks",-37.78658155,144.8301158,"Supermarket"
10,"Anderson Rd","Albion",-37.7852,144.8272,"The Hotel Derrimut",-37.7882072,144.830412,"Gastropub"
11,"Anderson Rd","Albion",-37.7852,144.8272,"Xuan banh cuon",-37.78644101,144.8319045,"Asian Restaurant"
12,"Anderson Rd","Albion",-37.7852,144.8272,"Cafe Mambo",-37.78190015,144.8308447,"Restaurant"
13,"Anderson Rd","Albion",-37.7852,144.8272,"Dragon Express",-37.78767556,144.8314266,"Chinese Restaurant"
14,"Anderson Rd","Albion",-37.7852,144.8272,"Thuan Hung Asian Grocery",-37.78445,144.83245,"Grocery Store"
15,"Anderson Rd","Albion",-37.7852,144.8272,"Platnium Health & Pilates",-37.7808,144.82787,"Gym"
16,"Lidgett St","Bacchus Marsh",-37.67344,144.43181,"Baby Black Espresso Bar",-37.67445524,144.4363172,"Café"
17,"Lidgett St","Bacchus Marsh",-37.67344,144.43181,"Foodworks",-37.67407026,144.4368804,"Supermarket"
18,"Lidgett St","Bacchus Marsh",-37.67344,144.43181,"Kfc Bacchus Marsh",-37.674313,144.436356,"Fast Food Restaurant"
19,"Lidgett St","Bacchus Marsh",-37.67344,144.43181,"McDonald's",-37.67409333,144.4360534,"Fast Food Restaurant"
20,"Lidgett St","Bacchus Marsh",-37.67344,144.43181,"Loot Bar And Cafe",-37.675557,144.436626,"Café"
21,"Jersey Pde","Carnegie",-37.8875,145.0599,"Shyun Japanese Restaurant",-37.88846565,145.0572251,"Japanese Restaurant"
22,"Jersey Pde","Carnegie",-37.8875,145.0599,"Grill'd",-37.88738965,145.0574944,"Burger Joint"
23,"Jersey Pde","Carnegie",-37.8875,145.0599,"Huff Bagelry",-37.88816814,145.0572686,"Bagel Shop"
24,"Jersey Pde","Carnegie",-37.8875,145.0599,"Mrs Kim's Grill",-37.88867014,145.0571596,"Korean Restaurant"
25,"Jersey Pde","Carnegie",-37.8875,145.0599,"Koornang Hot Bread",-37.88811,145.05747,"Bakery"
26,"Jersey Pde","Carnegie",-37.8875,145.0599,"Gabriella Pizza",-37.88892198,145.0570947,"Pizza Place"
27,"Jersey Pde","Carnegie",-37.8875,145.0599,"Figjam Cafe",-37.88848019,145.0571845,"Coffee Shop"
28,"Jersey Pde","Carnegie",-37.8875,145.0599,"Eastern Dumpling House",-37.88860815,145.0572005,"Dumpling Restaurant"
29,"Jersey Pde","Carnegie",-37.8875,145.0599,"Petaling Street",-37.88768932,145.0574459,"Malay Restaurant"
30,"Jersey Pde","Carnegie",-37.8875,145.0599,"Platform 3",-37.88551291,145.0575916,"Breakfast Spot"
31,"Jersey Pde","Carnegie",-37.8875,145.0599,"Woolworths",-37.88772688,145.0562587,"Supermarket"
32,"Jersey Pde","Carnegie",-37.8875,145.0599,"Paradai I",-37.88691075,145.0574316,"Thai Restaurant"
33,"Jersey Pde","Carnegie",-37.8875,145.0599,"Aldi",-37.88474179,145.0584087,"Supermarket"
34,"Jersey Pde","Carnegie",-37.8875,145.0599,"Shyun Ramen Bar",-37.88689629,145.0574671,"Ramen Restaurant"
35,"Jersey Pde","Carnegie",-37.8875,145.0599,"Spilt Milk Cafe",-37.88903276,145.0566641,"Café"
36,"Jersey Pde","Carnegie",-37.8875,145.0599,"Paradai Thai II",-37.88681301,145.0574932,"Thai Restaurant"
37,"Jersey Pde","Carnegie",-37.8875,145.0599,"Woolworths",-37.88437304,145.0583912,"Supermarket"
38,"Jersey Pde","Carnegie",-37.8875,145.0599,"Auntie's Dumplings Restaurant",-37.8869174,145.0574948,"Dumpling Restaurant"
39,"Jersey Pde","Carnegie",-37.8875,145.0599,"Red Cliff Sechuan Chinese Restaurant",-37.889794,145.062007,"Chinese Restaurant"
40,"Jersey Pde","Carnegie",-37.8875,145.0599,"Roule Galette",-37.88793,145.05749,"Creperie"
41,"Jersey Pde","Carnegie",-37.8875,145.0599,"Kimchi Grandma",-37.88857857,145.0571211,"Korean Restaurant"
42,"Jersey Pde","Carnegie",-37.8875,145.0599,"Santucci's Cafe",-37.88765416,145.0573918,"Café"
43,"Jersey Pde","Carnegie",-37.8875,145.0599,"Carnegie Central Shopping Centre",-37.88450822,145.0583843,"Shopping Mall"
44,"Jersey Pde","Carnegie",-37.8875,145.0599,"Nando's",-37.88828649,145.0572395,"Portuguese Restaurant"
45,"Jersey Pde","Carnegie",-37.8875,145.0599,"Pho 66",-37.88688149,145.0575313,"Vietnamese Restaurant"
46,"Jersey Pde","Carnegie",-37.8875,145.0599,"J.J Express",-37.88730529,145.0574865,"Asian Restaurant"
47,"Jersey Pde","Carnegie",-37.8875,145.0599,"Kuala Lumpur Restaurant",-37.88852984,145.0571391,"Malay Restaurant"
48,"Jersey Pde","Carnegie",-37.8875,145.0599,"Ramen & Dumpling House",-37.88865,145.05737,"Asian Restaurant"
49,"Jersey Pde","Carnegie",-37.8875,145.0599,"Subway",-37.88433295,145.0582116,"Sandwich Place"
50,"Jersey Pde","Carnegie",-37.8875,145.0599,"Carnegie Station",-37.88639865,145.0586351,"Train Station"
51,"Jersey Pde","Carnegie",-37.8875,145.0599,"Spotlight",-37.88474992,145.0583765,"Arts & Crafts Store"
52,"Jersey Pde","Carnegie",-37.8875,145.0599,"The Rosstown",-37.88441689,145.0579831,"Pub"
53,"Jersey Pde","Carnegie",-37.8875,145.0599,"Bakers Delight",-37.88787,145.05751,"Bakery"
54,"Jersey Pde","Carnegie",-37.8875,145.0599,"Russian Tidbits",-37.88819,145.05707,"Russian Restaurant"
55,"Jersey Pde","Carnegie",-37.8875,145.0599,"Tailored",-37.885497,145.05769,"Café"
56,"Pyne St","Caulfield",-37.8864,145.0242,"Forth Brother",-37.8867,145.02153,"Café"
57,"Pyne St","Caulfield",-37.8864,145.0242,"7-Eleven",-37.88632555,145.0221841,"Convenience Store"
58,"Pyne St","Caulfield",-37.8864,145.0242,"Domino's Pizza",-37.88548191,145.0219517,"Pizza Place"
59,"Pyne St","Caulfield",-37.8864,145.0242,"London Tavern",-37.88963956,145.0213338,"Pub"
60,"Pyne St","Caulfield",-37.8864,145.0242,"FoodWorks (Caulfield South)",-37.88674606,145.0220405,"Grocery Store"
61,"Pyne St","Caulfield",-37.8864,145.0242,"Portofino Pizza",-37.88767,145.0268,"Pizza Place"
62,"Pyne St","Caulfield",-37.8864,145.0242,"Schwartz's Crossfit Melbourne",-37.88777483,145.0285302,"Gym"
63,"Tattenham St","Caulfield East",-37.88299,145.04711,"Boost Juice",-37.879259,145.048247,"Juice Bar"
64,"Tattenham St","Caulfield East",-37.88299,145.04711,"Granger",-37.885067,145.047193,"Breakfast Spot"
65,"Tattenham St","Caulfield East",-37.88299,145.04711,"Glen Waverley Train: City <=> Glen Waverley",-37.88073717,145.048129,"Train"
66,"Tattenham St","Caulfield East",-37.88299,145.04711,"Cheaper Car Rentals",-37.881393,145.049577,"Rental Car Location"
67,"Venus St","Caulfield South",-37.8943,145.0145,"The Laundry Hamper",-37.8938219,145.0137049,"Laundromat"
68,"Venus St","Caulfield South",-37.8943,145.0145,"Studio 404 Personal Training",-37.892058,145.014283,"Recreation Center"
69,"Venus St","Caulfield South",-37.8943,145.0145,"White Lotus Yoga Centre",-37.89809,145.01621,"Yoga Studio"
70,"Rufus St","Epping",-37.64888,145.02313,"T.G.I. Friday's",-37.65230639,145.0198661,"American Restaurant"
71,"Rufus St","Epping",-37.64888,145.02313,"The Cheesecake Shop",-37.64911,145.02575,"Dessert Shop"
72,"Rufus St","Epping",-37.64888,145.02313,"Hungry Jack's",-37.65227735,145.0228213,"Fast Food Restaurant"
73,"Rufus St","Epping",-37.64888,145.02313,"Target",-37.65303077,145.0211498,"Big Box Store"
74,"Rufus St","Epping",-37.64888,145.02313,"TGIF Epping",-37.65220483,145.0196135,"American Restaurant"
75,"Cowper St","Footscray",-37.8053,144.9029,"Station Hotel",-37.80456678,144.9013584,"Pub"
76,"Cowper St","Footscray",-37.8053,144.9029,"Footscray Milking Station",-37.80287037,144.9038679,"Café"
77,"Cowper St","Footscray",-37.8053,144.9029,"Trailer Park",-37.80499218,144.9027083,"Food Truck"
78,"Cowper St","Footscray",-37.8053,144.9029,"Katarina Zrinski (The Croatian Club)",-37.80413,144.90438,"Eastern European Restaurant"
79,"Cowper St","Footscray",-37.8053,144.9029,"Footscray Community Arts Centre",-37.80314499,144.9074609,"Art Gallery"
80,"Cowper St","Footscray",-37.8053,144.9029,"Café Cui",-37.80140867,144.9009403,"Café"
81,"Cowper St","Footscray",-37.8053,144.9029,"Thien An",-37.8016443,144.9006132,"Vietnamese Restaurant"
82,"Cowper St","Footscray",-37.8053,144.9029,"Happy River Cafe",-37.80292925,144.9072226,"Café"
83,"Cowper St","Footscray",-37.8053,144.9029,"BP",-37.80865512,144.902158,"Gas Station"
84,"Cowper St","Footscray",-37.8053,144.9029,"Subway",-37.80144439,144.9009564,"Sandwich Place"
85,"Cowper St","Footscray",-37.8053,144.9029,"ChaTime (日出茶太)",-37.801364,144.901294,"Bubble Tea Shop"
86,"Eldridge St","Footscray",-37.7907,144.8924,"Charlies Pizza Resturant",-37.7925873,144.8936316,"Italian Restaurant"
87,"Eldridge St","Footscray",-37.7907,144.8924,"Footscray IGA",-37.79142699,144.8896174,"Grocery Store"
88,"Eldridge St","Footscray",-37.7907,144.8924,"Pizza Hut",-37.7913,144.88914,"Pizza Place"
89,"Eldridge St","Footscray",-37.7907,144.8924,"Action Indoor Gordon St",-37.78838809,144.8899461,"Athletics & Sports"
90,"Empire St","Footscray",-37.7891,144.8912,"Thai Thonglor 55",-37.7848818,144.8919314,"Thai Restaurant"
91,"Empire St","Footscray",-37.7891,144.8912,"Charlies Pizza Resturant",-37.7925873,144.8936316,"Italian Restaurant"
92,"Empire St","Footscray",-37.7891,144.8912,"Desserts By Night",-37.7849371,144.8918471,"Dessert Shop"
93,"Empire St","Footscray",-37.7891,144.8912,"Footscray IGA",-37.79142699,144.8896174,"Grocery Store"
94,"Empire St","Footscray",-37.7891,144.8912,"Action Indoor Gordon St",-37.78838809,144.8899461,"Athletics & Sports"
95,"Empire St","Footscray",-37.7891,144.8912,"Pizza Hut",-37.7913,144.88914,"Pizza Place"
96,"Empire St","Footscray",-37.7891,144.8912,"Shinmai Japanese Restaurant",-37.78531,144.89197,"Restaurant"
97,"Empire St","Footscray",-37.7891,144.8912,"Rock Fish",-37.785095,144.892508,"Burger Joint"
98,"Empire St","Footscray",-37.7891,144.8912,"Sambal Kampung",-37.78504909,144.8924409,"Chinese Restaurant"
99,"Empire St","Footscray",-37.7891,144.8912,"Quarry park",-37.78720154,144.8959965,"Park"
100,"Empire St","Footscray",-37.7891,144.8912,"Lazy Moe's",-37.78505544,144.8908091,"Restaurant"
101,"Empire St","Footscray",-37.7891,144.8912,"Be.K",-37.784706,144.892248,"Dessert Shop"
102,"Rosedale Av","Glen Huntly",-37.89092,145.04392,"Workshop Brothers Specialty Coffee",-37.889531,145.041711,"Café"
103,"Rosedale Av","Glen Huntly",-37.89092,145.04392,"The Servery",-37.890122,145.042575,"Café"
104,"Rosedale Av","Glen Huntly",-37.89092,145.04392,"Indo Sari",-37.88948627,145.0427262,"Asian Restaurant"
105,"Rosedale Av","Glen Huntly",-37.89092,145.04392,"Roti &  Roti",-37.889166,145.04154,"Malay Restaurant"
106,"Rosedale Av","Glen Huntly",-37.89092,145.04392,"Whyte Cafe",-37.88926437,145.0409814,"Café"
107,"Rosedale Av","Glen Huntly",-37.89092,145.04392,"Quality Indian Groceries",-37.88942,145.04086,"Grocery Store"
108,"Rosedale Av","Glen Huntly",-37.89092,145.04392,"Subway",-37.889582,145.044555,"Sandwich Place"
109,"Rosedale Av","Glen Huntly",-37.89092,145.04392,"Woolworths",-37.88890821,145.0408938,"Supermarket"
110,"Rosedale Av","Glen Huntly",-37.89092,145.04392,"Tram Stop 61 - Glenhuntly Station (67)",-37.88939915,145.0423476,"Light Rail Station"
111,"Belmont Av","Glen Iris",-37.8574,145.04795,"Harold Holt Swim Centre",-37.85863113,145.0468551,"Pool"
112,"Belmont Av","Glen Iris",-37.8574,145.04795,"Tram Stop 49",-37.85860239,145.044774,"Tram Station"
113,"Belmont Av","Glen Iris",-37.8574,145.04795,"Tram Stop 48",-37.853642,145.045752,"Light Rail Station"
114,"Belmont Av","Glen Iris",-37.8574,145.04795,"Mamma Mia",-37.85368,145.04478,"Pizza Place"
115,"Currajong St","Glenroy",-37.711,144.9178,"Coles",-37.713834,144.918352,"Supermarket"
116,"Park St","Hawthorn",-37.8198,145.0373,"Lido Cinema",-37.82049754,145.0354318,"Indie Movie Theater"
117,"Park St","Hawthorn",-37.8198,145.0373,"Readings",-37.81981721,145.0358558,"Bookstore"
118,"Park St","Hawthorn",-37.8198,145.0373,"Yo-Chi",-37.82057086,145.0357517,"Frozen Yogurt Shop"
119,"Park St","Hawthorn",-37.8198,145.0373,"Cupcake Central",-37.82120288,145.0359267,"Cupcake Shop"
120,"Park St","Hawthorn",-37.8198,145.0373,"iSpicy",-37.82062419,145.0362634,"Thai Restaurant"
121,"Park St","Hawthorn",-37.8198,145.0373,"Oscar Mike",-37.82128856,145.0361845,"Coffee Shop"
122,"Park St","Hawthorn",-37.8198,145.0373,"Vaporetto",-37.820391,145.035131,"Italian Restaurant"
123,"Park St","Hawthorn",-37.8198,145.0373,"Spudbar",-37.819618,145.035739,"Australian Restaurant"
124,"Park St","Hawthorn",-37.8198,145.0373,"Hawthorn Aquatic & Leisure Centre (YMCA)",-37.82094512,145.0346759,"Gym / Fitness Center"
125,"Park St","Hawthorn",-37.8198,145.0373,"Samurai",-37.81763054,145.0362498,"Japanese Restaurant"
126,"Park St","Hawthorn",-37.8198,145.0373,"Piccolina Gelateria",-37.8177,145.03645,"Ice Cream Shop"
127,"Park St","Hawthorn",-37.8198,145.0373,"Chef Lagenda",-37.8195466,145.0360032,"Malay Restaurant"
128,"Park St","Hawthorn",-37.8198,145.0373,"Liar Liar",-37.8171178,145.0361601,"Café"
129,"Park St","Hawthorn",-37.8198,145.0373,"Spanish Doughnuts",-37.82012576,145.0358669,"Dessert Shop"
130,"Park St","Hawthorn",-37.8198,145.0373,"Lulo",-37.81779,145.03643,"Spanish Restaurant"
131,"Park St","Hawthorn",-37.8198,145.0373,"Chatime (日出茶太)",-37.82165003,145.0355737,"Bubble Tea Shop"
132,"Park St","Hawthorn",-37.8198,145.0373,"Chapel Bakery Cafe",-37.8179177,145.0361946,"Café"
133,"Park St","Hawthorn",-37.8198,145.0373,"Zen Japanese Restaurant",-37.82279112,145.0372661,"Japanese Restaurant"
134,"Park St","Hawthorn",-37.8198,145.0373,"Small Patch Wine Store",-37.8227,145.03505,"Liquor Store"
135,"Park St","Hawthorn",-37.8198,145.0373,"Axil Coffee Roasters",-37.82250588,145.0343429,"Café"
136,"Park St","Hawthorn",-37.8198,145.0373,"Short Straw",-37.81832,145.03593,"Breakfast Spot"
137,"Park St","Hawthorn",-37.8198,145.0373,"Fonda Mexican",-37.82116982,145.0355751,"Mexican Restaurant"
138,"Park St","Hawthorn",-37.8198,145.0373,"Viet Star",-37.81897232,145.0360858,"Vietnamese Restaurant"
139,"Park St","Hawthorn",-37.8198,145.0373,"Hooked",-37.82066,145.03554,"Seafood Restaurant"
140,"Park St","Hawthorn",-37.8198,145.0373,"Schnitz",-37.82122223,145.0356816,"Fast Food Restaurant"
141,"Park St","Hawthorn",-37.8198,145.0373,"Ribs and Burgers",-37.81555167,145.0367168,"BBQ Joint"
142,"Park St","Hawthorn",-37.8198,145.0373,"Grill'd",-37.81885845,145.0361701,"Burger Joint"
143,"Park St","Hawthorn",-37.8198,145.0373,"Humburger",-37.81663532,145.0364444,"Burger Joint"
144,"Park St","Hawthorn",-37.8198,145.0373,"Bay City Burrito",-37.81627965,145.0365934,"Mexican Restaurant"
145,"Park St","Hawthorn",-37.8198,145.0373,"Laguna Oriental & Indonesian Supermarket",-37.81846072,145.0361396,"Grocery Store"
146,"Park St","Hawthorn",-37.8198,145.0373,"Central Gardens",-37.821178,145.041358,"Park"
147,"Park St","Hawthorn",-37.8198,145.0373,"Bewon",-37.82196921,145.0355803,"Korean Restaurant"
148,"Park St","Hawthorn",-37.8198,145.0373,"Santoni Pizza Bar",-37.82272428,145.0353894,"Pizza Place"
149,"Park St","Hawthorn",-37.8198,145.0373,"The Hawthorn Hotel",-37.82309403,145.0399719,"Beer Garden"
150,"Park St","Hawthorn",-37.8198,145.0373,"Ajisen Ramen 味千ラーメン",-37.82272722,145.0362022,"Ramen Restaurant"
151,"Park St","Hawthorn",-37.8198,145.0373,"Alley Tunes",-37.82163607,145.0361477,"Record Shop"
152,"Park St","Hawthorn",-37.8198,145.0373,"By Basia",-37.82334,145.04031,"Café"
153,"Park St","Hawthorn",-37.8198,145.0373,"Boost Juice",-37.82016993,145.0357918,"Juice Bar"
154,"Park St","Hawthorn",-37.8198,145.0373,"Cones",-37.81631816,145.0365362,"Ice Cream Shop"
155,"Park St","Hawthorn",-37.8198,145.0373,"Beer DeLuxe",-37.82243221,145.0337637,"Bar"
156,"Park St","Hawthorn",-37.8198,145.0373,"Tokyo Table",-37.82243,145.03559,"Japanese Restaurant"
157,"Park St","Hawthorn",-37.8198,145.0373,"Red Bean",-37.82296651,145.038705,"Malay Restaurant"
158,"Park St","Hawthorn",-37.8198,145.0373,"Nevermind Bar",-37.82275483,145.0348218,"Speakeasy"
159,"Park St","Hawthorn",-37.8198,145.0373,"Subway",-37.82090291,145.0357627,"Sandwich Place"
160,"Park St","Hawthorn",-37.8198,145.0373,"Cafe Blac",-37.81948988,145.0359201,"Café"
161,"Park St","Hawthorn",-37.8198,145.0373,"Sapa Hills II",-37.82341249,145.0351443,"Vietnamese Restaurant"
162,"Park St","Hawthorn",-37.8198,145.0373,"7-Eleven",-37.82116742,145.0356712,"Convenience Store"
163,"Park St","Hawthorn",-37.8198,145.0373,"Nelayan Indonesian Restaurant",-37.81849292,145.0361654,"Indonesian Restaurant"
164,"Park St","Hawthorn",-37.8198,145.0373,"Gami Chicken & Beer",-37.81616,145.03675,"Fried Chicken Joint"
165,"Park St","Hawthorn",-37.8198,145.0373,"Rococo Restaurant",-37.81616902,145.0364767,"Italian Restaurant"
166,"Park St","Hawthorn",-37.8198,145.0373,"Bread & Jam For Frances",-37.81977217,145.03521,"Café"
167,"Park St","Hawthorn",-37.8198,145.0373,"bagelicious",-37.82212,145.03565,"Bagel Shop"
168,"Park St","Hawthorn",-37.8198,145.0373,"Woolworths",-37.82081081,145.0362874,"Supermarket"
169,"Park St","Hawthorn",-37.8198,145.0373,"Sushi Sushi",-37.8202895,145.0358467,"Sushi Restaurant"
170,"Park St","Hawthorn",-37.8198,145.0373,"Izakaya Jiro",-37.8164903,145.0365206,"Japanese Restaurant"
171,"Park St","Hawthorn",-37.8198,145.0373,"Huxtaburger",-37.82044073,145.0356746,"Burger Joint"
172,"Park St","Hawthorn",-37.8198,145.0373,"O'Sha Thai Kitchen",-37.8213337,145.0362391,"Thai Restaurant"
173,"Park St","Hawthorn",-37.8198,145.0373,"Hawthorn Common",-37.82251041,145.0341464,"Breakfast Spot"
174,"Park St","Hawthorn",-37.8198,145.0373,"KFC",-37.82188,145.03569,"Fast Food Restaurant"
175,"Park St","Hawthorn",-37.8198,145.0373,"Knead Bakers",-37.82303,145.03758,"Bakery"
176,"Park St","Hawthorn",-37.8198,145.0373,"Dumpling King",-37.821888,145.03563,"Dumpling Restaurant"
177,"Park St","Hawthorn",-37.8198,145.0373,"Domino's Pizza",-37.81540966,145.0368196,"Pizza Place"
178,"Park St","Hawthorn",-37.8198,145.0373,"Mind Games",-37.81867,145.03627,"Hobby Shop"
179,"Park St","Hawthorn",-37.8198,145.0373,"La Tropezienne Patisserie",-37.8182432,145.0361353,"Café"
180,"Park St","Hawthorn",-37.8198,145.0373,"Student Lounge Tafe",-37.82074027,145.0383415,"College Cafeteria"
181,"Park St","Hawthorn",-37.8198,145.0373,"Glenferrie Hotel",-37.82259782,145.0344938,"Pub"
182,"Park St","Hawthorn",-37.8198,145.0373,"Video Ezy",-37.81747,145.0365,"Video Store"
183,"Park St","Hawthorn",-37.8198,145.0373,"Atrium Café",-37.82222879,145.0393238,"Coffee Shop"
184,"Park St","Hawthorn",-37.8198,145.0373,"The Pastry Kitchen",-37.81642,145.0367,"Café"
185,"Park St","Hawthorn",-37.8198,145.0373,"Spice Lounge",-37.8232,145.03904,"Indian Restaurant"
186,"Lewis St","Kingsville",-37.8096,144.874,"Red Tomato Cafe",-37.81168007,144.8739251,"Italian Restaurant"
187,"Lewis St","Kingsville",-37.8096,144.874,"Hungry Jack's",-37.81111241,144.8709037,"Fast Food Restaurant"
188,"Lewis St","Kingsville",-37.8096,144.874,"Cruickshank Park/ Stony Creek Walk",-37.81123156,144.870256,"Park"
189,"Lewis St","Kingsville",-37.8096,144.874,"MANOK For The Love Of Chicken",-37.81148,144.87036,"Fast Food Restaurant"
190,"Lewis St","Kingsville",-37.8096,144.874,"Pizza Del Sole",-37.81140525,144.8700519,"Pizza Place"
191,"Lewis St","Kingsville",-37.8096,144.874,"Happymaree",-37.812273,144.8781,"Café"
192,"Flinders La","Melbourne",-37.8199,144.9558,"Virgin Active Health Club",-37.81880644,144.9559171,"Gym / Fitness Center"
193,"Flinders La","Melbourne",-37.8199,144.9558,"The Grain Store",-37.819562,144.956819,"Café"
194,"Flinders La","Melbourne",-37.8199,144.9558,"Grill'd",-37.81902256,144.9535596,"Burger Joint"
195,"Flinders La","Melbourne",-37.8199,144.9558,"The Lui Bar",-37.81906738,144.9577392,"Cocktail Bar"
196,"Flinders La","Melbourne",-37.8199,144.9558,"Vue De Monde",-37.81853439,144.9574113,"French Restaurant"
197,"Flinders La","Melbourne",-37.8199,144.9558,"Purple Peanuts Japanese Cafe",-37.81897004,144.9545457,"Japanese Restaurant"
198,"Flinders La","Melbourne",-37.8199,144.9558,"5 and Dime Bagel",-37.81994169,144.9565974,"Bagel Shop"
199,"Flinders La","Melbourne",-37.8199,144.9558,"Bonnie Coffee Brewers",-37.81815281,144.957636,"Coffee Shop"
200,"Flinders La","Melbourne",-37.8199,144.9558,"Brim CC",-37.8177644,144.9547316,"Japanese Restaurant"
201,"Flinders La","Melbourne",-37.8199,144.9558,"St Ali Mercedes me",-37.81840951,144.9568099,"Coffee Shop"
202,"Flinders La","Melbourne",-37.8199,144.9558,"Hardware Societé",-37.820053,144.95659,"Café"
203,"Flinders La","Melbourne",-37.8199,144.9558,"Don Don",-37.81817439,144.956018,"Japanese Restaurant"
204,"Flinders La","Melbourne",-37.8199,144.9558,"Delhi Streets",-37.81987866,144.9565433,"Chaat Place"
205,"Flinders La","Melbourne",-37.8199,144.9558,"Chick-In",-37.81867,144.95427,"Fried Chicken Joint"
206,"Flinders La","Melbourne",-37.8199,144.9558,"InterContinental Melbourne The Rialto",-37.81857343,144.9578229,"Hotel"
207,"Flinders La","Melbourne",-37.8199,144.9558,"Haigh's Chocolates",-37.81808723,144.9579252,"Candy Store"
208,"Flinders La","Melbourne",-37.8199,144.9558,"Royal Stacks",-37.81786746,144.9584887,"Burger Joint"
209,"Flinders La","Melbourne",-37.8199,144.9558,"Rex Tremendae",-37.81976685,144.9557788,"Coffee Shop"
210,"Flinders La","Melbourne",-37.8199,144.9558,"Mason Dixon American Sandwich Bar",-37.81775,144.95798,"Sandwich Place"
211,"Flinders La","Melbourne",-37.8199,144.9558,"Rare Steakhouse",-37.81931472,144.9572511,"Steakhouse"
212,"Flinders La","Melbourne",-37.8199,144.9558,"RACV Club",-37.8184368,144.9575016,"Social Club"
213,"Flinders La","Melbourne",-37.8199,144.9558,"Pallet Espresso",-37.818728,144.954618,"Café"
214,"Flinders La","Melbourne",-37.8199,144.9558,"Gami Chicken & Beer",-37.81947193,144.9572358,"Korean Restaurant"
215,"Flinders La","Melbourne",-37.8199,144.9558,"LB2",-37.81718833,144.9566683,"Coffee Shop"
216,"Flinders La","Melbourne",-37.8199,144.9558,"CBD Kebabs",-37.82087277,144.9561732,"Kebab Restaurant"
217,"Flinders La","Melbourne",-37.8199,144.9558,"Kinfolk",-37.81699648,144.9538362,"Café"
218,"Flinders La","Melbourne",-37.8199,144.9558,"SEA LIFE Melbourne Aquarium",-37.82073323,144.958207,"Aquarium"
219,"Flinders La","Melbourne",-37.8199,144.9558,"Choix Creperie Cafe",-37.81892777,144.9546148,"French Restaurant"
220,"Flinders La","Melbourne",-37.8199,144.9558,"Altius Coffee",-37.81953929,144.9566072,"Coffee Shop"
221,"Flinders La","Melbourne",-37.8199,144.9558,"Kass Kass",-37.820006,144.958096,"Korean Restaurant"
222,"Flinders La","Melbourne",-37.8199,144.9558,"Cafenatics",-37.81751868,144.9576955,"Café"
223,"Flinders La","Melbourne",-37.8199,144.9558,"Spicy Korea",-37.81778562,144.9547961,"Fried Chicken Joint"
224,"Flinders La","Melbourne",-37.8199,144.9558,"Crown Promenade",-37.82166892,144.9603537,"Plaza"
225,"Flinders La","Melbourne",-37.8199,144.9558,"Crown Towers",-37.8234367,144.9580861,"Hotel"
226,"Flinders La","Melbourne",-37.8199,144.9558,"Rockpool Bar & Grill",-37.822042,144.960127,"Australian Restaurant"
227,"Flinders La","Melbourne",-37.8199,144.9558,"Espresso Hub",-37.81919165,144.9537635,"Coffee Shop"
228,"Flinders La","Melbourne",-37.8199,144.9558,"Mr. Fusion Cafe",-37.81714495,144.956967,"Japanese Restaurant"
229,"Flinders La","Melbourne",-37.8199,144.9558,"Buddabah",-37.81869056,144.9556804,"Café"
230,"Flinders La","Melbourne",-37.8199,144.9558,"Gradi",-37.82272426,144.9581317,"Italian Restaurant"
231,"Flinders La","Melbourne",-37.8199,144.9558,"Cherry & Twigs",-37.819994,144.955713,"Coffee Shop"
232,"Flinders La","Melbourne",-37.8199,144.9558,"Olivier's Cafe",-37.82070729,144.9549806,"Café"
233,"Flinders La","Melbourne",-37.8199,144.9558,"Saravana Bhavan",-37.81695042,144.9559547,"South Indian Restaurant"
234,"Flinders La","Melbourne",-37.8199,144.9558,"Spice Temple",-37.82188454,144.9597336,"Chinese Restaurant"
235,"Flinders La","Melbourne",-37.8199,144.9558,"The Den",-37.82235576,144.9589029,"Cocktail Bar"
236,"Flinders La","Melbourne",-37.8199,144.9558,"Nando's",-37.82082485,144.9560303,"Portuguese Restaurant"
237,"Flinders La","Melbourne",-37.8199,144.9558,"Goz City",-37.81696616,144.9575745,"Turkish Restaurant"
238,"Flinders La","Melbourne",-37.8199,144.9558,"T by Luxbite",-37.81959511,144.9562873,"Dessert Shop"
239,"Flinders La","Melbourne",-37.8199,144.9558,"Kedai Satay",-37.81574254,144.9554931,"Indonesian Restaurant"
240,"Flinders La","Melbourne",-37.8199,144.9558,"Higher Ground",-37.81599506,144.9530286,"Café"
241,"Flinders La","Melbourne",-37.8199,144.9558,"Atrium Bar",-37.82235408,144.9598352,"Bar"
242,"Flinders La","Melbourne",-37.8199,144.9558,"Koko",-37.82209079,144.9597484,"Japanese Restaurant"
243,"Flinders La","Melbourne",-37.8199,144.9558,"Rosetta",-37.82140336,144.9604712,"Italian Restaurant"
244,"Flinders La","Melbourne",-37.8199,144.9558,"Nobu",-37.822025,144.959727,"Japanese Restaurant"
245,"Flinders La","Melbourne",-37.8199,144.9558,"Merchant Osteria Veneta",-37.81867569,144.9579017,"Italian Restaurant"
246,"Flinders La","Melbourne",-37.8199,144.9558,"South Wharf",-37.82268799,144.9543999,"Plaza"
247,"Flinders La","Melbourne",-37.8199,144.9558,"Piccolocino",-37.81683396,144.9565912,"Café"
248,"Flinders La","Melbourne",-37.8199,144.9558,"Schnitz",-37.81699775,144.9530813,"Fast Food Restaurant"
249,"Flinders La","Melbourne",-37.8199,144.9558,"Crown Entertainment Complex",-37.82345779,144.958078,"Casino"
250,"Flinders La","Melbourne",-37.8199,144.9558,"Pok Pok Junior",-37.81624163,144.9583854,"Thai Restaurant"
251,"Flinders La","Melbourne",-37.8199,144.9558,"Hugo's Expresso",-37.8177946,144.954648,"Coffee Shop"
252,"Flinders La","Melbourne",-37.8199,144.9558,"Bambini Barrista",-37.8170148,144.9568544,"Café"
253,"Flinders La","Melbourne",-37.8199,144.9558,"Saint & Rogue",-37.81751161,144.955491,"Pub"
254,"Flinders La","Melbourne",-37.8199,144.9558,"The Atlantic",-37.822465,144.958914,"Seafood Restaurant"
255,"Flinders La","Melbourne",-37.8199,144.9558,"Mahogany Room",-37.82168712,144.9605087,"Casino"
256,"Flinders La","Melbourne",-37.8199,144.9558,"Byblos",-37.822662,144.9538,"Lebanese Restaurant"
257,"Flinders La","Melbourne",-37.8199,144.9558,"Bistro Guillaume",-37.82204256,144.9592745,"French Restaurant"
258,"Flinders La","Melbourne",-37.8199,144.9558,"Saluministi",-37.81821962,144.9610534,"Sandwich Place"
259,"Flinders La","Melbourne",-37.8199,144.9558,"Oli & Levi",-37.81767284,144.959454,"Coffee Shop"
260,"Flinders La","Melbourne",-37.8199,144.9558,"Immigration Museum",-37.81949483,144.9603736,"History Museum"
261,"Flinders La","Melbourne",-37.8199,144.9558,"Henry & The Fox",-37.81713217,144.9572578,"Restaurant"
262,"Flinders La","Melbourne",-37.8199,144.9558,"St. Brew",-37.81974,144.95108,"Café"
263,"Flinders La","Melbourne",-37.8199,144.9558,"Simply Spanish",-37.81620761,144.9584107,"Spanish Restaurant"
264,"Flinders La","Melbourne",-37.8199,144.9558,"Lumia",-37.82329637,144.9572593,"Bar"
265,"Flinders La","Melbourne",-37.8199,144.9558,"The School of Life",-37.816691,144.9535917,"School"
266,"Flinders La","Melbourne",-37.8199,144.9558,"Yuzu Café & Cuisine",-37.8176002,144.957765,"Japanese Restaurant"
267,"Flinders La","Melbourne",-37.8199,144.9558,"Woodo Korean BBQ",-37.81582959,144.955517,"Korean Restaurant"
268,"Flinders La","Melbourne",-37.8199,144.9558,"Cotta",-37.82337027,144.9573839,"Café"
269,"Flinders La","Melbourne",-37.8199,144.9558,"Kinship & Co.",-37.81685581,144.9565581,"Café"
270,"Flinders La","Melbourne",-37.8199,144.9558,"Pie Face",-37.81856676,144.9535073,"Bakery"
271,"Flinders La","Melbourne",-37.8199,144.9558,"Green Press",-37.81702,144.957221,"Juice Bar"
272,"Flinders La","Melbourne",-37.8199,144.9558,"Pho N Roll",-37.81777,144.9554,"Vietnamese Restaurant"
273,"Flinders La","Melbourne",-37.8199,144.9558,"Brioche by Phillip",-37.81691416,144.9577817,"Bakery"
274,"Flinders La","Melbourne",-37.8199,144.9558,"Vibe Savoy Hotel",-37.8179222,144.9537469,"Hotel"
275,"Flinders La","Melbourne",-37.8199,144.9558,"Etto",-37.81603,144.95783,"Italian Restaurant"
276,"Flinders La","Melbourne",-37.8199,144.9558,"Doughboys",-37.81574444,144.9578658,"Donut Shop"
277,"Flinders La","Melbourne",-37.8199,144.9558,"Hanabishi 花菱 (Hanabishi)",-37.81564128,144.9555076,"Sushi Restaurant"
278,"Flinders La","Melbourne",-37.8199,144.9558,"Perkup Cafe and Burger Bar",-37.81894532,144.9546836,"Burger Joint"
279,"Flinders La","Melbourne",-37.8199,144.9558,"7-Eleven",-37.81861,144.95499,"Convenience Store"
280,"Flinders La","Melbourne",-37.8199,144.9558,"Starbucks",-37.81727724,144.9525434,"Coffee Shop"
281,"Flinders La","Melbourne",-37.8199,144.9558,"Alto Hotel on Bourke",-37.81653268,144.9546192,"Hotel"
282,"Flinders La","Melbourne",-37.8199,144.9558,"Lord Of The Fries",-37.8173218,144.9524844,"Fast Food Restaurant"
283,"Flinders La","Melbourne",-37.8199,144.9558,"Krispy Kreme",-37.81894139,144.9546599,"Donut Shop"
284,"Flinders La","Melbourne",-37.8199,144.9558,"Guzman Y Gomez",-37.81909895,144.95563,"Mexican Restaurant"
285,"Flinders La","Melbourne",-37.8199,144.9558,"Boost Juice",-37.81873204,144.9539497,"Juice Bar"
286,"Flinders La","Melbourne",-37.8199,144.9558,"Spencer Outlet Centre",-37.81692643,144.9525569,"Shopping Mall"
287,"Flinders La","Melbourne",-37.8199,144.9558,"7-Eleven",-37.81669966,144.9531429,"Convenience Store"
288,"Flinders La","Melbourne",-37.8199,144.9558,"Grains Galore Bakery & Kebabs",-37.817119,144.953074,"Fast Food Restaurant"
289,"Flinders La","Melbourne",-37.8199,144.9558,"The Coffee Club",-37.81649081,144.9527275,"Café"
290,"Flinders La","Melbourne",-37.8199,144.9558,"Subway",-37.8168068,144.9532268,"Sandwich Place"
291,"Flinders La","Melbourne",-37.8199,144.9558,"Nando's",-37.81583,144.955584,"Portuguese Restaurant"
292,"Therry St","Melbourne",-37.8078,144.961,"Books for Cooks",-37.80776,144.95879,"Bookstore"
293,"Therry St","Melbourne",-37.8078,144.961,"Invita",-37.80736029,144.9586904,"Vegetarian / Vegan Restaurant"
294,"Therry St","Melbourne",-37.8078,144.961,"Rose Garden (玫瑰苑燒臘飯店)",-37.80883,144.9604,"Chinese Restaurant"
295,"Therry St","Melbourne",-37.8078,144.961,"Wonderbao",-37.80907787,144.9627396,"Dim Sum Restaurant"
296,"Therry St","Melbourne",-37.8078,144.961,"ChangGo (창고)",-37.80953476,144.9617143,"Korean Restaurant"
297,"Therry St","Melbourne",-37.8078,144.961,"Hardrock Indoor Rock Climbing",-37.80739031,144.9626983,"Gym / Fitness Center"
298,"Therry St","Melbourne",-37.8078,144.961,"Queen Victoria Market",-37.80689851,144.9579543,"Market"
299,"Therry St","Melbourne",-37.8078,144.961,"Captain Melville",-37.80779158,144.9616379,"Gastropub"
300,"Therry St","Melbourne",-37.8078,144.961,"Queen Victoria Night Market",-37.8075293,144.95775,"Night Market"
301,"Therry St","Melbourne",-37.8078,144.961,"Market Lane Coffee",-37.8063256,144.9580526,"Coffee Shop"
302,"Therry St","Melbourne",-37.8078,144.961,"Pondok Rempah",-37.80735138,144.9600534,"Indonesian Restaurant"
303,"Therry St","Melbourne",-37.8078,144.961,"Joomak (주막/酒幕) (Joomak)",-37.80889272,144.9635375,"Korean Restaurant"
304,"Therry St","Melbourne",-37.8078,144.961,"Market Lane Coffee",-37.80736678,144.9591553,"Coffee Shop"
305,"Therry St","Melbourne",-37.8078,144.961,"Humble Rays",-37.80472886,144.961927,"Café"
306,"Therry St","Melbourne",-37.8078,144.961,"ABC Chicken",-37.81007738,144.9584905,"Korean Restaurant"
307,"Therry St","Melbourne",-37.8078,144.961,"The Mussel Pot",-37.80622,144.95808,"Food Truck"
308,"Therry St","Melbourne",-37.8078,144.961,"State Library of Victoria",-37.80998738,144.9642992,"Library"
309,"Therry St","Melbourne",-37.8078,144.961,"Sung's Kitchen",-37.80854306,144.9593549,"Chinese Restaurant"
310,"Therry St","Melbourne",-37.8078,144.961,"Shortstop Coffee & Donuts",-37.81124,144.961,"Donut Shop"
311,"Therry St","Melbourne",-37.8078,144.961,"Pickett's Deli & Rotisserie",-37.80704443,144.9597903,"Deli / Bodega"
312,"Therry St","Melbourne",-37.8078,144.961,"Andrews Hamburgers",-37.80860832,144.9591603,"Burger Joint"
313,"Therry St","Melbourne",-37.8078,144.961,"Melbourne City Baths",-37.80690014,144.9629467,"Pool"
314,"Therry St","Melbourne",-37.8078,144.961,"Melbourne Central",-37.81029315,144.963012,"Shopping Mall"
315,"Therry St","Melbourne",-37.8078,144.961,"Hometown Asian Supermarket",-37.80862454,144.9604407,"Grocery Store"
316,"Therry St","Melbourne",-37.8078,144.961,"Brick Lane",-37.81134118,144.9598163,"Café"
317,"Therry St","Melbourne",-37.8078,144.961,"Mr Burger",-37.809748,144.963784,"Burger Joint"
318,"Therry St","Melbourne",-37.8078,144.961,"State Library Lawn",-37.81002999,144.9642727,"Plaza"
319,"Therry St","Melbourne",-37.8078,144.961,"Cupcake Central",-37.81032519,144.9630904,"Cupcake Shop"
320,"Therry St","Melbourne",-37.8078,144.961,"Nando's",-37.80990372,144.9612288,"Portuguese Restaurant"
321,"Therry St","Melbourne",-37.8078,144.961,"Little Rogue Coffee",-37.810911,144.964027,"Coffee Shop"
322,"Therry St","Melbourne",-37.8078,144.961,"Mecca Maxima",-37.81077232,144.963174,"Cosmetics Shop"
323,"Therry St","Melbourne",-37.8078,144.961,"SEPHORA",-37.81039426,144.9630631,"Cosmetics Shop"
324,"Therry St","Melbourne",-37.8078,144.961,"Laksa House",-37.80842829,144.9603367,"Malay Restaurant"
325,"Therry St","Melbourne",-37.8078,144.961,"Oriental Spoon",-37.81016307,144.961847,"Korean Restaurant"
326,"Therry St","Melbourne",-37.8078,144.961,"Loch and Key",-37.80787602,144.9615974,"Bar"
327,"Therry St","Melbourne",-37.8078,144.961,"Gong Cha (貢茶)",-37.81061925,144.9643646,"Bubble Tea Shop"
328,"Therry St","Melbourne",-37.8078,144.961,"Padre Coffee",-37.80783722,144.9560126,"Coffee Shop"
329,"Therry St","Melbourne",-37.8078,144.961,"American Doughnut Kitchen",-37.80725044,144.958219,"Donut Shop"
330,"Therry St","Melbourne",-37.8078,144.961,"Boost Juice",-37.81026932,144.9635337,"Juice Bar"
331,"Therry St","Melbourne",-37.8078,144.961,"Workshop",-37.80926954,144.9606514,"Bar"
332,"Therry St","Melbourne",-37.8078,144.961,"The Wheeler Centre",-37.81024101,144.9651021,"General Entertainment"
333,"Therry St","Melbourne",-37.8078,144.961,"Games Laboratory",-37.811726,144.95995,"Hobby Shop"
334,"Therry St","Melbourne",-37.8078,144.961,"Don Don",-37.81073694,144.9635069,"Japanese Restaurant"
335,"Therry St","Melbourne",-37.8078,144.961,"Borek Bakehouse",-37.80763098,144.9601079,"Turkish Restaurant"
336,"Therry St","Melbourne",-37.8078,144.961,"Schnitz",-37.81029822,144.9624028,"Fast Food Restaurant"
337,"Therry St","Melbourne",-37.8078,144.961,"Starbucks",-37.80983448,144.9637628,"Coffee Shop"
338,"Therry St","Melbourne",-37.8078,144.961,"NeNe Chicken",-37.80914964,144.9606516,"Korean Restaurant"
339,"Therry St","Melbourne",-37.8078,144.961,"Yeonga Korean BBQ Restaurant",-37.8058447,144.9571233,"Korean Restaurant"
340,"Therry St","Melbourne",-37.8078,144.961,"The Hardware Société",-37.81201026,144.9604973,"Café"
341,"Therry St","Melbourne",-37.8078,144.961,"Operator25",-37.81070535,144.9570748,"Café"
342,"Therry St","Melbourne",-37.8078,144.961,"Naughty Nuri's",-37.80991432,144.9633198,"Indonesian Restaurant"
343,"Therry St","Melbourne",-37.8078,144.961,"Soul Origin",-37.8102863,144.96295,"Southern / Soul Food Restaurant"
344,"Therry St","Melbourne",-37.8078,144.961,"Breadtop",-37.81033308,144.9630812,"Bakery"
345,"Therry St","Melbourne",-37.8078,144.961,"Mr Tulk",-37.80954598,144.9643803,"Café"
346,"Therry St","Melbourne",-37.8078,144.961,"Mjølner",-37.81214,144.96068,"Scandinavian Restaurant"
347,"Therry St","Melbourne",-37.8078,144.961,"Bratwurst Shop & Co.",-37.80719558,144.9595077,"Hot Dog Joint"
348,"Therry St","Melbourne",-37.8078,144.961,"Gong Cha",-37.81067566,144.9649116,"Bubble Tea Shop"
349,"Therry St","Melbourne",-37.8078,144.961,"Shujinko Ramen",-37.80886028,144.960549,"Ramen Restaurant"
350,"Therry St","Melbourne",-37.8078,144.961,"Sarawak Kitchen",-37.80782605,144.9602034,"Malay Restaurant"
351,"Therry St","Melbourne",-37.8078,144.961,"Hudsons Coffee",-37.810179,144.962945,"Coffee Shop"
352,"Therry St","Melbourne",-37.8078,144.961,"Frozen By A Thousand Blessings",-37.81092346,144.9630645,"Dessert Shop"
353,"Therry St","Melbourne",-37.8078,144.961,"Chi-Mac",-37.8072054,144.955798,"Korean Restaurant"
354,"Therry St","Melbourne",-37.8078,144.961,"The Moat Bar & Cafe",-37.81029048,144.9651278,"Café"
355,"Therry St","Melbourne",-37.8078,144.961,"Don Woori",-37.80595374,144.9571485,"Korean Restaurant"
356,"Therry St","Melbourne",-37.8078,144.961,"Buza Chicken",-37.80991438,144.9583371,"Fried Chicken Joint"
357,"Therry St","Melbourne",-37.8078,144.961,"STREAT",-37.81033589,144.9631314,"Coffee Shop"
358,"Therry St","Melbourne",-37.8078,144.961,"Oriental Spoon 2",-37.81176,144.961871,"Korean Restaurant"
359,"Therry St","Melbourne",-37.8078,144.961,"Stovetop",-37.80365213,144.9604183,"Café"
360,"Therry St","Melbourne",-37.8078,144.961,"Krimper",-37.8112742,144.959942,"Café"
361,"Therry St","Melbourne",-37.8078,144.961,"Toodouri Korean Barbeque",-37.80607002,144.9577365,"Korean Restaurant"
362,"Therry St","Melbourne",-37.8078,144.961,"Woodside Green",-37.80486,144.96445,"Café"
363,"Therry St","Melbourne",-37.8078,144.961,"Rustica",-37.81152791,144.9634919,"Café"
364,"Therry St","Melbourne",-37.8078,144.961,"Chocolateria San Churro",-37.81048228,144.9643941,"Café"
365,"Therry St","Melbourne",-37.8078,144.961,"The Queensberry Pour House",-37.80438526,144.9618176,"Café"
366,"Therry St","Melbourne",-37.8078,144.961,"Aqua S",-37.81065476,144.9653386,"Ice Cream Shop"
367,"Therry St","Melbourne",-37.8078,144.961,"Bobbie Peels",-37.8038487,144.95832,"Bar"
368,"Therry St","Melbourne",-37.8078,144.961,"G2 Korean BBQ",-37.81149455,144.962008,"Korean Restaurant"
369,"Therry St","Melbourne",-37.8078,144.961,"Boreks",-37.80705251,144.9593686,"Middle Eastern Restaurant"
370,"Therry St","Melbourne",-37.8078,144.961,"VIC Marketplace Food Court",-37.80636786,144.9584426,"Food Court"
371,"Therry St","Melbourne",-37.8078,144.961,"Hello José",-37.80624221,144.955712,"Taco Place"
372,"Therry St","Melbourne",-37.8078,144.961,"Coffea Cafe",-37.80659741,144.9596466,"Coffee Shop"
373,"Therry St","Melbourne",-37.8078,144.961,"Hot Star Large Fried Chicken",-37.80877008,144.9608528,"Fried Chicken Joint"
374,"Therry St","Melbourne",-37.8078,144.961,"Guzman y Gomez",-37.81116812,144.9642484,"Mexican Restaurant"
375,"Therry St","Melbourne",-37.8078,144.961,"Big Mama",-37.80592259,144.9629723,"Korean Restaurant"
376,"Therry St","Melbourne",-37.8078,144.961,"Country Road",-37.8117745,144.9636545,"Clothing Store"
377,"Therry St","Melbourne",-37.8078,144.961,"GJ's Grill",-37.80991337,144.9569757,"Filipino Restaurant"
378,"Therry St","Melbourne",-37.8078,144.961,"Mahn Doo",-37.81114836,144.9586057,"Korean Restaurant"
379,"Therry St","Melbourne",-37.8078,144.961,"Hash Specialty Coffee",-37.81223084,144.9605713,"Café"
380,"Therry St","Melbourne",-37.8078,144.961,"Hallah",-37.80603215,144.9574232,"Korean Restaurant"
381,"Therry St","Melbourne",-37.8078,144.961,"Gypsy & Pig",-37.81187965,144.9603613,"Japanese Restaurant"
382,"Therry St","Melbourne",-37.8078,144.961,"The Waffle Club",-37.80778669,144.9570637,"Dessert Shop"
383,"Therry St","Melbourne",-37.8078,144.961,"Dracula's Cabaret Restaurant",-37.80672559,144.9642221,"Theme Restaurant"
384,"Therry St","Melbourne",-37.8078,144.961,"DonToo",-37.81194988,144.9598216,"Japanese Restaurant"
385,"Therry St","Melbourne",-37.8078,144.961,"Hotel Lincoln",-37.80454017,144.9646346,"Pub"
386,"Therry St","Melbourne",-37.8078,144.961,"BBQ brothers10",-37.80443962,144.9586609,"BBQ Joint"
387,"Therry St","Melbourne",-37.8078,144.961,"Soul Soup Cafe",-37.80540269,144.9645134,"Soup Place"
388,"Therry St","Melbourne",-37.8078,144.961,"Blue Moon Karaoke Bar",-37.80756,144.96609,"Bar"
389,"Therry St","Melbourne",-37.8078,144.961,"Simply Spanish QVM",-37.80681266,144.959835,"Spanish Restaurant"
390,"Therry St","Melbourne",-37.8078,144.961,"Anytime Fitness",-37.81204692,144.9594773,"Gym"
391,"Therry St","Melbourne",-37.8078,144.961,"CJ Lunch Bar (으뜸분식)",-37.81190956,144.9604002,"Korean Restaurant"
392,"Barries Rd","Melton",-37.68755,144.56887,"EB Games",-37.68595194,144.5639054,"Video Game Store"
393,"Barries Rd","Melton",-37.68755,144.56887,"Nando's",-37.68702687,144.5666163,"Portuguese Restaurant"
394,"Barries Rd","Melton",-37.68755,144.56887,"Subway",-37.687437,144.566991,"Sandwich Place"
395,"Barries Rd","Melton",-37.68755,144.56887,"7-Eleven",-37.68666348,144.5671879,"Convenience Store"
396,"Barries Rd","Melton",-37.68755,144.56887,"Woodgrove Shopping Centre",-37.68641116,144.5642722,"Shopping Mall"
397,"Barries Rd","Melton",-37.68755,144.56887,"Red Rooster",-37.68699725,144.5672139,"Fast Food Restaurant"
398,"Barries Rd","Melton",-37.68755,144.56887,"Kmart",-37.6862372,144.5642736,"Department Store"
399,"Barries Rd","Melton",-37.68755,144.56887,"Woolworths",-37.68595835,144.5672497,"Grocery Store"
400,"Barries Rd","Melton",-37.68755,144.56887,"McDonald's",-37.68777474,144.566921,"Fast Food Restaurant"
401,"Barries Rd","Melton",-37.68755,144.56887,"Coles",-37.68579277,144.565289,"Supermarket"
402,"Barries Rd","Melton",-37.68755,144.56887,"Hungry Jack's",-37.68481804,144.5676272,"Fast Food Restaurant"
403,"Barries Rd","Melton",-37.68755,144.56887,"Noodle Land",-37.68590071,144.5672747,"Chinese Restaurant"
404,"Barries Rd","Melton",-37.68755,144.56887,"Gloria Jean's Coffees",-37.685286,144.565277,"Café"
405,"Barries Rd","Melton",-37.68755,144.56887,"My Mates Pizza",-37.68511266,144.5669482,"Pizza Place"
406,"Barries Rd","Melton",-37.68755,144.56887,"KFC",-37.6878474,144.5661067,"Fast Food Restaurant"
407,"Barries Rd","Melton",-37.68755,144.56887,"Bakers Delight",-37.68578636,144.5653305,"Bakery"
408,"Barries Rd","Melton",-37.68755,144.56887,"The Reject Shop",-37.68546381,144.5654277,"Discount Store"
409,"Barries Rd","Melton",-37.68755,144.56887,"Vodafone",-37.68591855,144.5650214,"Electronics Store"
410,"Barries Rd","Melton",-37.68755,144.56887,"Melton Pharmore Pharmacy",-37.68538261,144.5654011,"Pharmacy"
411,"Barries Rd","Melton",-37.68755,144.56887,"Woodgrove Bus Stop",-37.68511,144.564447,"Bus Station"
412,"Musk Ct","Melton",-37.68734,144.58001,"Morgan's SUPA IGA Melton",-37.68359091,144.5821049,"Grocery Store"
413,"Musk Ct","Melton",-37.68734,144.58001,"Subway",-37.68366748,144.5810309,"Sandwich Place"
414,"Musk Ct","Melton",-37.68734,144.58001,"NQR Melton",-37.68410028,144.5797783,"Convenience Store"
415,"Musk Ct","Melton",-37.68734,144.58001,"Fernwood Fitness",-37.68369278,144.5783618,"Gym"
416,"Musk Ct","Melton",-37.68734,144.58001,"Buddy's Bakery & Cakes",-37.68367,144.582201,"Bakery"
417,"Musk Ct","Melton",-37.68734,144.58001,"Delicious Chinese Restaurant",-37.68299865,144.5813949,"Chinese Restaurant"
418,"Musk Ct","Melton",-37.68734,144.58001,"Lazy Moes",-37.68395242,144.5763526,"Fast Food Restaurant"
419,"Blaxland Rd","Melton South",-37.71195,144.57235,"Hume Ave Park",-37.71233547,144.5695012,"Park"
420,"Blaxland Rd","Melton South",-37.71195,144.57235,"Brinky’s BBall Court",-37.710702,144.576748,"Basketball Court"
421,"Hobart Rd","Murrumbeena",-37.8867,145.0699,"Nature Boy",-37.88998,145.06821,"Café"
422,"Hobart Rd","Murrumbeena",-37.8867,145.0699,"Daniel Son",-37.88998018,145.0676809,"Breakfast Spot"
423,"Hobart Rd","Murrumbeena",-37.8867,145.0699,"Iron Henry",-37.89004872,145.067907,"Café"
424,"Hobart Rd","Murrumbeena",-37.8867,145.0699,"Lotus Pond Chinese Restaurant",-37.88947,145.06704,"Chinese Restaurant"
425,"Hobart Rd","Murrumbeena",-37.8867,145.0699,"Boyd Park",-37.88705692,145.0734716,"Park"
426,"Hobart Rd","Murrumbeena",-37.8867,145.0699,"Murrumbeena Rd/Dandenong Rd Bus Stop",-37.88461688,145.0672524,"Bus Stop"
427,"Hobart Rd","Murrumbeena",-37.8867,145.0699,"The Collector",-37.88899681,145.067028,"Antique Shop"
428,"Hobart Rd","Murrumbeena",-37.8867,145.0699,"East Malvern Urban Forest",-37.88369557,145.0724108,"Park"
429,"Hobart Rd","Murrumbeena",-37.8867,145.0699,"Three Little Bakers",-37.88932,145.06637,"Bakery"
430,"Arnott St","Ormond",-37.90296,145.04637,"McDonald's",-37.90500659,145.044238,"Fast Food Restaurant"
431,"Arnott St","Ormond",-37.90296,145.04637,"Subway",-37.90387,145.04132,"Sandwich Place"
432,"Arnott St","Ormond",-37.90296,145.04637,"Handy's Milk Bar",-37.901867,145.044258,"Food & Drink Shop"
433,"Arnott St","Ormond",-37.90296,145.04637,"Home of Lights",-37.904179,145.043748,"Lighting Store"
434,"Arnott St","Ormond",-37.90296,145.04637,"Positano Pizza",-37.90464,145.04347,"Pizza Place"
435,"Arnott St","Ormond",-37.90296,145.04637,"PETstock",-37.90448839,145.0421691,"Pet Store"
436,"Pascoe Vale Rd","Pascoe Vale",-37.7237,144.92232,"McDonald's",-37.72089386,144.921285,"Fast Food Restaurant"
437,"Pascoe Vale Rd","Pascoe Vale",-37.7237,144.92232,"park shops",-37.724198,144.92239,"Shopping Mall"
438,"Pascoe Vale Rd","Pascoe Vale",-37.7237,144.92232,"park museum",-37.724643,144.923884,"Art Museum"
439,"Pascoe Vale Rd","Pascoe Vale",-37.7237,144.92232,"Strathmore Football Club",-37.72763542,144.921546,"Sports Club"
440,"Plenty Rd","Reservoir",-37.7304,145.0158,"Disco Beans",-37.734519,145.0135865,"Japanese Restaurant"
441,"Plenty Rd","Reservoir",-37.7304,145.0158,"Rose Shamrock",-37.72919606,145.0169282,"Pub"
442,"Plenty Rd","Reservoir",-37.7304,145.0158,"Ethel",-37.729,145.01723,"Café"
443,"Plenty Rd","Reservoir",-37.7304,145.0158,"Tyler Street Cafe",-37.73122,145.0141,"Café"
444,"Plenty Rd","Reservoir",-37.7304,145.0158,"Tram Stop 54 (86)",-37.72780523,145.0194377,"Light Rail Station"
445,"Plenty Rd","Reservoir",-37.7304,145.0158,"Tram Stop 56 (86)",-37.72733619,145.0195543,"Light Rail Station"
446,"Canterbury Rd","Toorak",-37.8421,145.0104,"Monkey Bean",-37.8409,145.00882,"Café"
447,"Canterbury Rd","Toorak",-37.8421,145.0104,"Toorak Foodstore",-37.84091737,145.0094809,"Deli / Bodega"
448,"Canterbury Rd","Toorak",-37.8421,145.0104,"Trak Lounge",-37.84085357,145.0077787,"Rock Club"
449,"Canterbury Rd","Toorak",-37.8421,145.0104,"Townhouse",-37.84139,145.0101,"Café"
450,"Canterbury Rd","Toorak",-37.8421,145.0104,"Romeo's Of Toorak",-37.84114699,145.0094155,"Italian Restaurant"
451,"Canterbury Rd","Toorak",-37.8421,145.0104,"Zanuba Bar & Restaurant",-37.84050026,145.0102095,"Café"
452,"Canterbury Rd","Toorak",-37.8421,145.0104,"The Dihnersaw and his Fionsay",-37.84086426,145.0087755,"Breakfast Spot"
453,"Canterbury Rd","Toorak",-37.8421,145.0104,"Manhattan",-37.84112265,145.009403,"Australian Restaurant"
454,"Canterbury Rd","Toorak",-37.8421,145.0104,"Funkies",-37.84090514,145.0078071,"Breakfast Spot"
455,"Canterbury Rd","Toorak",-37.8421,145.0104,"Sezanas Coffee Shop",-37.84109117,145.0082722,"Coffee Shop"
456,"Canterbury Rd","Toorak",-37.8421,145.0104,"Laurent Bakery",-37.84103923,145.0088234,"Bakery"
457,"Canterbury Rd","Toorak",-37.8421,145.0104,"Woolworths",-37.84044154,145.0086412,"Grocery Store"
458,"Canterbury Rd","Toorak",-37.8421,145.0104,"Tok H Centre",-37.84091071,145.0083949,"Shopping Mall"
459,"Canterbury Rd","Toorak",-37.8421,145.0104,"Browns Bakery",-37.84109,145.00934,"Bakery"
460,"Canterbury Rd","Toorak",-37.8421,145.0104,"Orita Japanese",-37.84051,145.01039,"Japanese Restaurant"
461,"Canterbury Rd","Toorak",-37.8421,145.0104,"Quaff",-37.84124,145.00887,"Australian Restaurant"
462,"Canterbury Rd","Toorak",-37.8421,145.0104,"Alexanders Cigar Merchants",-37.841202,145.010067,"Smoke Shop"
463,"Canterbury Rd","Toorak",-37.8421,145.0104,"Trak Centre",-37.84033148,145.007879,"Shopping Mall"
464,"Canterbury Rd","Toorak",-37.8421,145.0104,"Safeway",-37.8417836,145.0146818,"Grocery Store"
